{
  "vv_mean": -20.657470703125,
  "vv_std": 13.753543853759766,
  "vh_mean": -25.758485794067383,
  "vh_std": 15.926310539245605
}